station_order,canonical_name,city,state,state_abbr,region,urban_type,site_num,max_table,notes,display_name
1,Waterbury,Waterbury,Connecticut,CT,New England,Urban,,31,,"Waterbury, Conn."
2,Hartford,Hartford,Connecticut,CT,New England,Urban,,4,Two asterisks - Tables 1-4 only,"Hartford, Conn."
3,New Haven,New Haven,Connecticut,CT,New England,Urban,,4,Two asterisks - Tables 1-4 only,"New Haven, Conn."
4,Stamford,Stamford,Connecticut,CT,New England,Urban,,4,Two asterisks - Tables 1-4 only,"Stamford, Conn."
5,Portland,Portland,Maine,ME,New England,Urban,,4,Two asterisks - Tables 1-4 only,"Portland, Me."
6,Boston,Boston,Massachusetts,MA,New England,Urban,,31,,"Boston, Mass."
7,Pittsfield,Pittsfield,Massachusetts,MA,New England,Urban,,4,Two asterisks - Tables 1-4 only,"Pittsfield, Mass."
8,Everett,Everett,Massachusetts,MA,New England,Urban,,31,,"Everett, Mass."
9,Lawrence,Lawrence,Massachusetts,MA,New England,Urban,,8,One asterisk - Tables 1-8 only,"Lawrence, Mass."
10,Lynn,Lynn,Massachusetts,MA,New England,Urban,,8,One asterisk - Tables 1-8 only,"Lynn, Mass."
11,Somerville,Somerville,Massachusetts,MA,New England,Urban,,8,One asterisk - Tables 1-8 only,"Somerville, Mass."
12,Worcester,Worcester,Massachusetts,MA,New England,Urban,,4,Two asterisks - Tables 1-4 only,"Worcester, Mass."
13,Manchester,Manchester,New Hampshire,NH,New England,Urban,,31,,"Manchester, N. H."
14,Providence,Providence,Rhode Island,RI,New England,Urban,1,4,Two asterisks - Tables 1-4 only,"Providence, R. I."
15,Providence,Providence,Rhode Island,RI,New England,Urban,2,4,Two asterisks - Tables 1-4 only,"Providence, R. I."
16,Burlington,Burlington,Vermont,VT,New England,Urban,,4,Two asterisks - Tables 1-4 only,"Burlington, Vt."
17,Wilmington,Wilmington,Delaware,DE,Mid Atlantic,Urban,,8,One asterisk - Tables 1-8 only,"Wilmington, Del."
18,Perth Amboy,Perth Amboy,New Jersey,NJ,Mid Atlantic,Urban,,31,,"Perth Amboy, N. J."
19,Camden,Camden,New Jersey,NJ,Mid Atlantic,Urban,,31,,"Camden, N. J."
20,Newark,Newark,New Jersey,NJ,Mid Atlantic,Urban,,8,One asterisk - Tables 1-8 only,"Newark, N. J."
21,Elizabeth,Elizabeth,New Jersey,NJ,Mid Atlantic,Urban,,31,,"Elizabeth, N. J."
22,Paulsboro,Paulsboro,New Jersey,NJ,Mid Atlantic,Urban,,31,,"Paulsboro, N. J."
23,Atlantic City,Atlantic City,New Jersey,NJ,Mid Atlantic,Urban,,8,One asterisk - Tables 1-8 only,"Atlantic City, N. J."
24,Hightstown,Hightstown,New Jersey,NJ,Mid Atlantic,Urban,,8,One asterisk - Tables 1-8 only,"Hightstown, N. J."
25,Glen Gardner,Glen Gardner,New Jersey,NJ,Mid Atlantic,Urban,,4,Two asterisks - Tables 1-4 only,"Glen Gardner, N. J."
26,Red Bank,Red Bank,New Jersey,NJ,Mid Atlantic,Urban,,31,,"Red Bank, N. J."
27,Jersey City,Jersey City,New Jersey,NJ,Mid Atlantic,Urban,,31,,"Jersey City, N. J."
28,Trenton,Trenton,New Jersey,NJ,Mid Atlantic,Urban,,31,,"Trenton, N. J."
29,East Orange,East Orange,New Jersey,NJ,Mid Atlantic,Urban,,8,One asterisk - Tables 1-8 only,"East Orange, N. J."
30,New York,New York,New York,NY,Mid Atlantic,Urban,1,31,,"New York, N. Y."
31,New York,New York,New York,NY,Mid Atlantic,Urban,2,31,,"New York, N. Y."
32,New York,New York,New York,NY,Mid Atlantic,Urban,3,31,,"New York, N. Y."
33,New York,New York,New York,NY,Mid Atlantic,Urban,4,31,,"New York, N. Y."
34,Binghamton,Binghamton,New York,NY,Mid Atlantic,Urban,,4,Two asterisks - Tables 1-4 only,"Binghamton, N. Y."
35,Buffalo,Buffalo,New York,NY,Mid Atlantic,Urban,,8,One asterisk - Tables 1-8 only,"Buffalo, N. Y."
36,Schenectady,Schenectady,New York,NY,Mid Atlantic,Urban,,4,Two asterisks - Tables 1-4 only,"Schenectady, N. Y."
37,Syracuse,Syracuse,New York,NY,Mid Atlantic,Urban,,4,Two asterisks - Tables 1-4 only,"Syracuse, N. Y."
38,Utica,Utica,New York,NY,Mid Atlantic,Urban,,8,One asterisk - Tables 1-8 only,"Utica, N. Y."
39,Albany,Albany,New York,NY,Mid Atlantic,Urban,,31,From network map,"Albany, N. Y."
40,Rochester,Rochester,New York,NY,Mid Atlantic,Urban,,31,From network map,"Rochester, N. Y."
41,Philadelphia,Philadelphia,Pennsylvania,PA,Mid Atlantic,Urban,1,31,,"Philadelphia, Pa."
42,Philadelphia,Philadelphia,Pennsylvania,PA,Mid Atlantic,Urban,2,31,,"Philadelphia, Pa."
43,Philadelphia,Philadelphia,Pennsylvania,PA,Mid Atlantic,Urban,3,31,,"Philadelphia, Pa."
44,Philadelphia,Philadelphia,Pennsylvania,PA,Mid Atlantic,Urban,4,31,,"Philadelphia, Pa."
45,Philadelphia,Philadelphia,Pennsylvania,PA,Mid Atlantic,Urban,5,31,,"Philadelphia, Pa."
46,Philadelphia,Philadelphia,Pennsylvania,PA,Mid Atlantic,Urban,6,31,,"Philadelphia, Pa."
47,Philadelphia,Philadelphia,Pennsylvania,PA,Mid Atlantic,Urban,7,31,,"Philadelphia, Pa."
48,Pittsburgh,Pittsburgh,Pennsylvania,PA,Mid Atlantic,Urban,1,31,,"Pittsburgh, Pa."
49,Pittsburgh,Pittsburgh,Pennsylvania,PA,Mid Atlantic,Urban,2,31,,"Pittsburgh, Pa."
50,Williamsport,Williamsport,Pennsylvania,PA,Mid Atlantic,Urban,,31,,"Williamsport, Pa."
51,Allentown,Allentown,Pennsylvania,PA,Mid Atlantic,Urban,,4,Two asterisks - Tables 1-4 only,"Allentown, Pa."
52,Johnstown,Johnstown,Pennsylvania,PA,Mid Atlantic,Urban,,4,Two asterisks - Tables 1-4 only,"Johnstown, Pa."
53,Lancaster,Lancaster,Pennsylvania,PA,Mid Atlantic,Urban,,4,Two asterisks - Tables 1-4 only,"Lancaster, Pa."
54,Scranton,Scranton,Pennsylvania,PA,Mid Atlantic,Urban,,4,Two asterisks - Tables 1-4 only,"Scranton, Pa."
55,Chester,Chester,Pennsylvania,PA,Mid Atlantic,Urban,,31,,"Chester, Pa."
56,Erie,Erie,Pennsylvania,PA,Mid Atlantic,Urban,,31,,"Erie, Pa."
57,Altoona,Altoona,Pennsylvania,PA,Mid Atlantic,Urban,,31,,"Altoona, Pa."
58,Bristol,Bristol,Pennsylvania,PA,Mid Atlantic,Urban,,31,,"Bristol, Pa."
59,Harrisburg,Harrisburg,Pennsylvania,PA,Mid Atlantic,Urban,,31,From network map,"Harrisburg, Pa."
60,Reading,Reading,Pennsylvania,PA,Mid Atlantic,Urban,,31,From network map,"Reading, Pa."
61,Washington,Washington,District of Columbia,DC,Mid East,Urban,1,31,,"Washington, D. C."
62,Washington,Washington,District of Columbia,DC,Mid East,Urban,2,31,,"Washington, D. C."
63,Washington,Washington,District of Columbia,DC,Mid East,Urban,3,31,,"Washington, D. C."
64,Louisville,Louisville,Kentucky,KY,Mid East,Urban,1,31,,"Louisville, Ky."
65,Louisville,Louisville,Kentucky,KY,Mid East,Urban,2,31,,"Louisville, Ky."
66,Louisville,Louisville,Kentucky,KY,Mid East,Urban,3,31,,"Louisville, Ky."
67,Baltimore,Baltimore,Maryland,MD,Mid East,Urban,,31,,"Baltimore, Md."
68,Asheville,Asheville,North Carolina,NC,Mid East,Urban,,31,From network map,"Asheville, N. C."
69,Charlotte,Charlotte,North Carolina,NC,Mid East,Urban,,8,One asterisk - Tables 1-8 only,"Charlotte, N. C."
70,Greensboro,Greensboro,North Carolina,NC,Mid East,Urban,,31,From network map,"Greensboro, N. C."
71,Raleigh,Raleigh,North Carolina,NC,Mid East,Urban,,31,From network map,"Raleigh, N. C."
72,Winston-Salem,Winston-Salem,North Carolina,NC,Mid East,Urban,,8,One asterisk - Tables 1-8 only,"Winston-Salem, N. C."
73,San Juan,San Juan,Puerto Rico,PR,Mid East,Urban,,8,One asterisk - Tables 1-8 only,"San Juan, P. R."
74,Norfolk,Norfolk,Virginia,VA,Mid East,Urban,,8,One asterisk - Tables 1-8 only,"Norfolk, Va."
75,Richmond,Richmond,Virginia,VA,Mid East,Urban,,4,Two asterisks - Tables 1-4 only,"Richmond, Va."
76,Roanoke,Roanoke,Virginia,VA,Mid East,Urban,,31,From network map,"Roanoke, Va."
77,Charleston,Charleston,West Virginia,WV,Mid East,Urban,1,31,,"Charleston, W. Va."
78,Charleston,Charleston,West Virginia,WV,Mid East,Urban,2,31,,"Charleston, W. Va."
79,Wheeling,Wheeling,West Virginia,WV,Mid East,Urban,,4,Two asterisks - Tables 1-4 only,"Wheeling, W. Va."
80,Birmingham,Birmingham,Alabama,AL,South East,Urban,,8,One asterisk - Tables 1-8 only,"Birmingham, Ala."
81,Jacksonville,Jacksonville,Florida,FL,South East,Urban,,31,From network map,"Jacksonville, Fla."
82,Miami,Miami,Florida,FL,South East,Urban,,8,One asterisk - Tables 1-8 only,"Miami, Fla."
83,Orlando,Orlando,Florida,FL,South East,Urban,,31,From network map,"Orlando, Fla."
84,Tampa,Tampa,Florida,FL,South East,Urban,,31,,"Tampa, Fla."
85,Atlanta,Atlanta,Georgia,GA,South East,Urban,1,31,,"Atlanta, Ga."
86,Atlanta,Atlanta,Georgia,GA,South East,Urban,2,31,,"Atlanta, Ga."
87,Columbus,Columbus,Georgia,GA,South East,Urban,,4,Two asterisks - Tables 1-4 only,"Columbus, Ga."
88,Macon,Macon,Georgia,GA,South East,Urban,,31,From network map,"Macon, Ga."
89,Jackson,Jackson,Mississippi,MS,South East,Urban,,8,One asterisk - Tables 1-8 only,"Jackson, Miss."
90,Columbia,Columbia,South Carolina,SC,South East,Urban,,4,Two asterisks - Tables 1-4 only,"Columbia, S. C."
91,Greenville,Greenville,South Carolina,SC,South East,Urban,,31,From network map,"Greenville, S. C."
92,Chattanooga,Chattanooga,Tennessee,TN,South East,Urban,1,31,,"Chattanooga, Tenn."
93,Chattanooga,Chattanooga,Tennessee,TN,South East,Urban,2,31,,"Chattanooga, Tenn."
94,Chattanooga,Chattanooga,Tennessee,TN,South East,Urban,3,31,,"Chattanooga, Tenn."
95,Chattanooga,Chattanooga,Tennessee,TN,South East,Urban,4,31,,"Chattanooga, Tenn."
96,Knoxville,Knoxville,Tennessee,TN,South East,Urban,,4,Two asterisks - Tables 1-4 only,"Knoxville, Tenn."
97,Memphis,Memphis,Tennessee,TN,South East,Urban,,31,From network map,"Memphis, Tenn."
98,Nashville,Nashville,Tennessee,TN,South East,Urban,,8,One asterisk - Tables 1-8 only,"Nashville, Tenn."
99,Chicago,Chicago,Illinois,IL,Mid West,Urban,1,31,,"Chicago, Ill."
100,Chicago,Chicago,Illinois,IL,Mid West,Urban,2,31,,"Chicago, Ill."
101,Chicago,Chicago,Illinois,IL,Mid West,Urban,3,31,,"Chicago, Ill."
102,Chicago,Chicago,Illinois,IL,Mid West,Urban,4,31,,"Chicago, Ill."
103,Chicago,Chicago,Illinois,IL,Mid West,Urban,5,31,,"Chicago, Ill."
104,East St. Louis,East St. Louis,Illinois,IL,Mid West,Urban,1,31,,"East St. Louis, Ill."
105,East St. Louis,East St. Louis,Illinois,IL,Mid West,Urban,2,31,,"East St. Louis, Ill."
106,Springfield,Springfield,Illinois,IL,Mid West,Urban,,8,One asterisk - Tables 1-8 only,"Springfield, Ill."
107,East Chicago,East Chicago,Indiana,IN,Mid West,Urban,1,31,,"East Chicago, Ind."
108,East Chicago,East Chicago,Indiana,IN,Mid West,Urban,2,31,,"East Chicago, Ind."
109,East Chicago,East Chicago,Indiana,IN,Mid West,Urban,3,31,,"East Chicago, Ind."
110,East Chicago,East Chicago,Indiana,IN,Mid West,Urban,4,31,,"East Chicago, Ind."
111,Evansville,Evansville,Indiana,IN,Mid West,Urban,,4,Two asterisks - Tables 1-4 only,"Evansville, Ind."
112,Ft. Wayne,Fort Wayne,Indiana,IN,Mid West,Urban,,4,Two asterisks - Tables 1-4 only,"Fort Wayne, Ind."
113,Indianapolis,Indianapolis,Indiana,IN,Mid West,Urban,,8,One asterisk - Tables 1-8 only,"Indianapolis, Ind."
114,South Bend,South Bend,Indiana,IN,Mid West,Urban,,31,From network map,"South Bend, Ind."
115,Detroit,Detroit,Michigan,MI,Mid West,Urban,1,31,,"Detroit, Mich."
116,Detroit,Detroit,Michigan,MI,Mid West,Urban,2,31,,"Detroit, Mich."
117,Detroit,Detroit,Michigan,MI,Mid West,Urban,3,31,,"Detroit, Mich."
118,Detroit,Detroit,Michigan,MI,Mid West,Urban,4,31,,"Detroit, Mich."
119,Dearborn,Dearborn,Michigan,MI,Mid West,Urban,,31,From network map,"Dearborn, Mich."
120,Flint,Flint,Michigan,MI,Mid West,Urban,,4,Two asterisks - Tables 1-4 only,"Flint, Mich."
121,Grand Rapids,Grand Rapids,Michigan,MI,Mid West,Urban,,4,Two asterisks - Tables 1-4 only,"Grand Rapids, Mich."
122,Jackson,Jackson,Michigan,MI,Mid West,Urban,,31,From network map,"Jackson, Mich."
123,Kalamazoo,Kalamazoo,Michigan,MI,Mid West,Urban,,4,Two asterisks - Tables 1-4 only,"Kalamazoo, Mich."
124,Lansing,Lansing,Michigan,MI,Mid West,Urban,,4,Two asterisks - Tables 1-4 only,"Lansing, Mich."
125,Saginaw,Saginaw,Michigan,MI,Mid West,Urban,,31,From network map,"Saginaw, Mich."
126,Cincinnati,Cincinnati,Ohio,OH,Mid West,Urban,1,31,,"Cincinnati, O."
127,Cincinnati,Cincinnati,Ohio,OH,Mid West,Urban,2,31,,"Cincinnati, O."
128,Cincinnati,Cincinnati,Ohio,OH,Mid West,Urban,3,31,,"Cincinnati, O."
129,Cincinnati,Cincinnati,Ohio,OH,Mid West,Urban,4,31,,"Cincinnati, O."
130,Akron,Akron,Ohio,OH,Mid West,Urban,,31,From network map,"Akron, O."
131,Canton,Canton,Ohio,OH,Mid West,Urban,,4,Two asterisks - Tables 1-4 only,"Canton, O."
132,Cleveland,Cleveland,Ohio,OH,Mid West,Urban,,8,One asterisk - Tables 1-8 only,"Cleveland, O."
133,Columbus,Columbus,Ohio,OH,Mid West,Urban,,4,Two asterisks - Tables 1-4 only. Note: different from Columbus GA,"Columbus, O."
134,Dayton,Dayton,Ohio,OH,Mid West,Urban,,31,From network map,"Dayton, O."
135,Lorain,Lorain,Ohio,OH,Mid West,Urban,,4,Two asterisks - Tables 1-4 only,"Lorain, O."
136,Toledo,Toledo,Ohio,OH,Mid West,Urban,,4,Two asterisks - Tables 1-4 only,"Toledo, O."
137,Youngstown,Youngstown,Ohio,OH,Mid West,Urban,,31,,"Youngstown, O."
138,Milwaukee,Milwaukee,Wisconsin,WI,Mid West,Urban,,31,,"Milwaukee, Wisc."
139,Racine,Racine,Wisconsin,WI,Mid West,Urban,,4,Two asterisks - Tables 1-4 only,"Racine, Wisc."
140,Davenport,Davenport,Iowa,IA,Great Plains,Urban,,31,From network map,"Davenport, Ia."
141,Des Moines,Des Moines,Iowa,IA,Great Plains,Urban,,8,One asterisk - Tables 1-8 only,"Des Moines, Ia."
142,Kansas City,Kansas City,Kansas,KS,Great Plains,Urban,1,8,One asterisk - Tables 1-8 only,"Kansas City, Kans."
143,Kansas City,Kansas City,Kansas,KS,Great Plains,Urban,2,8,One asterisk - Tables 1-8 only,"Kansas City, Kans."
144,Topeka,Topeka,Kansas,KS,Great Plains,Urban,,31,From network map,"Topeka, Kans."
145,Wichita,Wichita,Kansas,KS,Great Plains,Urban,,8,One asterisk - Tables 1-8 only,"Wichita, Kans."
146,Duluth,Duluth,Minnesota,MN,Great Plains,Urban,,4,Two asterisks - Tables 1-4 only,"Duluth, Minn."
147,Minneapolis,Minneapolis,Minnesota,MN,Great Plains,Urban,,31,,"Minneapolis, Minn."
148,Breckenridge,Breckenridge,Missouri,MO,Great Plains,Urban,,4,Two asterisks - Tables 1-4 only,"Breckenridge, Mo."
149,Brentwood,Brentwood,Missouri,MO,Great Plains,Urban,,4,Two asterisks - Tables 1-4 only,"Brentwood, Mo."
150,Kansas City,Kansas City,Missouri,MO,Great Plains,Urban,1,31,Note: different from Kansas City KS,"Kansas City, Mo."
151,Kansas City,Kansas City,Missouri,MO,Great Plains,Urban,2,31,,"Kansas City, Mo."
152,Kansas City,Kansas City,Missouri,MO,Great Plains,Urban,3,31,,"Kansas City, Mo."
153,Kansas City,Kansas City,Missouri,MO,Great Plains,Urban,4,31,,"Kansas City, Mo."
154,St. Louis,St. Louis,Missouri,MO,Great Plains,Urban,1,31,,"St. Louis, Mo."
155,St. Louis,St. Louis,Missouri,MO,Great Plains,Urban,2,31,,"St. Louis, Mo."
156,Lincoln,Lincoln,Nebraska,NE,Great Plains,Urban,,4,Two asterisks - Tables 1-4 only,"Lincoln, Nebr."
157,Omaha,Omaha,Nebraska,NE,Great Plains,Urban,,8,One asterisk - Tables 1-8 only,"Omaha, Nebr."
158,Bismarck,Bismarck,North Dakota,ND,Great Plains,Urban,,8,One asterisk - Tables 1-8 only,"Bismarck, N. D."
159,Sioux Falls,Sioux Falls,South Dakota,SD,Great Plains,Urban,,8,One asterisk - Tables 1-8 only,"Sioux Falls, S. D."
160,Little Rock,Little Rock,Arkansas,AR,Gulf South,Urban,,4,Two asterisks - Tables 1-4 only,"Little Rock, Ark."
161,Baton Rouge,Baton Rouge,Louisiana,LA,Gulf South,Urban,,4,Two asterisks - Tables 1-4 only,"Baton Rouge, La."
162,New Orleans,New Orleans,Louisiana,LA,Gulf South,Urban,1,31,,"New Orleans, La."
163,New Orleans,New Orleans,Louisiana,LA,Gulf South,Urban,2,31,,"New Orleans, La."
164,New Orleans,New Orleans,Louisiana,LA,Gulf South,Urban,3,31,,"New Orleans, La."
165,Shreveport,Shreveport,Louisiana,LA,Gulf South,Urban,,31,From network map,"Shreveport, La."
166,Albuquerque,Albuquerque,New Mexico,NM,Gulf South,Urban,,4,Two asterisks - Tables 1-4 only,"Albuquerque, N. M."
167,Oklahoma City,Oklahoma City,Oklahoma,OK,Gulf South,Urban,,31,From network map,"Oklahoma City, Okla."
168,Tulsa,Tulsa,Oklahoma,OK,Gulf South,Urban,,8,One asterisk - Tables 1-8 only,"Tulsa, Okla."
169,Austin,Austin,Texas,TX,Gulf South,Urban,,31,From network map,"Austin, Tex."
170,Beaumont,Beaumont,Texas,TX,Gulf South,Urban,,31,From network map,"Beaumont, Tex."
171,Corpus Christi,Corpus Christi,Texas,TX,Gulf South,Urban,,8,One asterisk - Tables 1-8 only,"Corpus Christi, Tex."
172,Dallas,Dallas,Texas,TX,Gulf South,Urban,,4,Two asterisks - Tables 1-4 only,"Dallas, Tex."
173,El Paso,El Paso,Texas,TX,Gulf South,Urban,,4,Two asterisks - Tables 1-4 only,"El Paso, Tex."
174,Ft. Worth,Fort Worth,Texas,TX,Gulf South,Urban,,31,,"Fort Worth, Tex."
175,Lakeworth Village,Lakeworth Village,Texas,TX,Gulf South,Urban,,31,Suburban-type location near Ft. Worth,"Lakeworth Village, Tex."
176,Galveston,Galveston,Texas,TX,Gulf South,Urban,,31,From network map,"Galveston, Tex."
177,Houston,Houston,Texas,TX,Gulf South,Urban,1,31,,"Houston, Tex."
178,Houston,Houston,Texas,TX,Gulf South,Urban,2,31,,"Houston, Tex."
179,Bellaire,Bellaire,Texas,TX,Gulf South,Urban,,31,,"Bellaire, Tex."
180,San Antonio,San Antonio,Texas,TX,Gulf South,Urban,,8,One asterisk - Tables 1-8 only,"San Antonio, Tex."
181,Waco,Waco,Texas,TX,Gulf South,Urban,,31,From network map,"Waco, Tex."
182,Denver,Denver,Colorado,CO,Rocky Mountain,Urban,,31,,"Denver, Colo."
183,Boise,Boise,Idaho,ID,Rocky Mountain,Urban,,8,One asterisk - Tables 1-8 only,"Boise, Idaho"
184,Helena,Helena,Montana,MT,Rocky Mountain,Urban,,4,Two asterisks - Tables 1-4 only,"Helena, Mont."
185,Salt Lake City,Salt Lake City,Utah,UT,Rocky Mountain,Urban,,31,,"Salt Lake City, Utah"
186,Cheyenne,Cheyenne,Wyoming,WY,Rocky Mountain,Urban,,8,One asterisk - Tables 1-8 only,"Cheyenne, Wyo."
187,Anchorage,Anchorage,Alaska,AK,Pacific Coast,Urban,1,31,,"Anchorage, Alaska"
188,Anchorage,Anchorage,Alaska,AK,Pacific Coast,Urban,2,31,,"Anchorage, Alaska"
189,Phoenix,Phoenix,Arizona,AZ,Pacific Coast,Urban,,4,Two asterisks - Tables 1-4 only,"Phoenix, Ariz."
190,Burbank,Burbank,California,CA,Pacific Coast,Urban,,4,Two asterisks - Tables 1-4 only,"Burbank, Calif."
191,Berkeley,Berkeley,California,CA,Pacific Coast,Urban,,31,,"Berkeley, Calif."
192,Fresno,Fresno,California,CA,Pacific Coast,Urban,,31,From network map,"Fresno, Calif."
193,Glendale,Glendale,California,CA,Pacific Coast,Urban,,31,From network map,"Glendale, Calif."
194,Long Beach,Long Beach,California,CA,Pacific Coast,Urban,,31,From network map,"Long Beach, Calif."
195,Los Angeles,Los Angeles,California,CA,Pacific Coast,Urban,1,31,,"Los Angeles, Calif."
196,Los Angeles,Los Angeles,California,CA,Pacific Coast,Urban,2,31,,"Los Angeles, Calif."
197,Los Angeles,Los Angeles,California,CA,Pacific Coast,Urban,3,31,,"Los Angeles, Calif."
198,Oakland,Oakland,California,CA,Pacific Coast,Urban,,31,From network map,"Oakland, Calif."
199,Pasadena,Pasadena,California,CA,Pacific Coast,Urban,,31,,"Pasadena, Calif."
200,Richmond,Richmond,California,CA,Pacific Coast,Urban,,31,From network map. Note: different from Richmond VA,"Richmond, Calif."
201,Sacramento,Sacramento,California,CA,Pacific Coast,Urban,,31,From network map,"Sacramento, Calif."
202,San Bernardino,San Bernardino,California,CA,Pacific Coast,Urban,,4,Two asterisks - Tables 1-4 only,"San Bernardino, Calif."
203,San Diego,San Diego,California,CA,Pacific Coast,Urban,,4,Two asterisks - Tables 1-4 only,"San Diego, Calif."
204,San Francisco,San Francisco,California,CA,Pacific Coast,Urban,1,31,,"San Francisco, Calif."
205,San Francisco,San Francisco,California,CA,Pacific Coast,Urban,2,31,,"San Francisco, Calif."
206,San Jose,San Jose,California,CA,Pacific Coast,Urban,,31,,"San Jose, Calif."
207,San Leandro,San Leandro,California,CA,Pacific Coast,Urban,,31,,"San Leandro, Calif."
208,Stockton,Stockton,California,CA,Pacific Coast,Urban,,31,From network map,"Stockton, Calif."
209,Honolulu,Honolulu,Hawaii,HI,Pacific Coast,Urban,1,8,One asterisk - Tables 1-8 only,"Honolulu, Hawaii"
210,Honolulu,Honolulu,Hawaii,HI,Pacific Coast,Urban,2,8,One asterisk - Tables 1-8 only,"Honolulu, Hawaii"
211,Las Vegas,Las Vegas,Nevada,NV,Pacific Coast,Urban,,4,Two asterisks - Tables 1-4 only,"Las Vegas, Nev."
212,Portland,Portland,Oregon,OR,Pacific Coast,Urban,1,31,Note: different from Portland ME,"Portland, Ore."
213,Portland,Portland,Oregon,OR,Pacific Coast,Urban,2,31,,"Portland, Ore."
214,Portland,Portland,Oregon,OR,Pacific Coast,Urban,3,31,,"Portland, Ore."
215,Portland,Portland,Oregon,OR,Pacific Coast,Urban,4,31,,"Portland, Ore."
216,Portland,Portland,Oregon,OR,Pacific Coast,Urban,5,31,,"Portland, Ore."
217,Portland,Portland,Oregon,OR,Pacific Coast,Urban,6,31,,"Portland, Ore."
218,Seattle,Seattle,Washington,WA,Pacific Coast,Urban,,31,,"Seattle, Wash."
219,Middlesex County,Middlesex County,Massachusetts,MA,New England,Suburban,,31,,"Middlesex County, Mass."
220,Lakehurst,Lakehurst,New Jersey,NJ,Mid Atlantic,Suburban,,31,,"Lakehurst, N. J."
221,Kanawha County,Kanawha County,West Virginia,WV,Mid East,Suburban,,31,,"Kanawha County, W. Va."
222,Hillsborough County,Hillsborough County,Florida,FL,South East,Suburban,,31,,"Hillsborough County, Fla."
223,Fulton County,Fulton County,Georgia,GA,South East,Suburban,,31,,"Fulton County, Ga."
224,Hamilton County,Hamilton County,Ohio,OH,Mid West,Suburban,,31,,"Hamilton County, O."
225,Tonka Bay,Tonka Bay,Minnesota,MN,Great Plains,Suburban,,31,,"Tonka Bay, Minn."
226,Edina,Edina,Minnesota,MN,Great Plains,Suburban,,31,,"Edina, Minn."
227,Denver County,Denver County,Colorado,CO,Rocky Mountain,Suburban,,31,,"Denver County, Colo."
228,Salt Lake County,Salt Lake County,Utah,UT,Rocky Mountain,Suburban,,31,,"Salt Lake County, Utah"
229,Multnomah County,Multnomah County,Oregon,OR,Pacific Coast,Suburban,,31,,"Multnomah County, Ore."
230,Litchfield County,Litchfield County,Connecticut,CT,New England,Nonurban,,31,,"Litchfield County, Conn."
231,Acadia National Park,Acadia National Park,Maine,ME,New England,Nonurban,,4,Two asterisks,"Acadia National Park, Me."
232,Mt. Mansfield,Mt. Mansfield,Vermont,VT,New England,Nonurban,,31,,"Mt. Mansfield, Vt."
233,Worcester County,Worcester County,Maryland,MD,Mid East,Nonurban,,31,,"Worcester County, Md."
234,Cape Hatteras,Cape Hatteras,North Carolina,NC,Mid East,Nonurban,,31,,"Cape Hatteras, N. C."
235,Shenandoah National Park,Shenandoah National Park,Virginia,VA,Mid East,Nonurban,,4,Two asterisks,"Shenandoah National Park, Va."
236,Holly River State Park,Holly River State Park,West Virginia,WV,Mid East,Nonurban,,4,Two asterisks,"Holly River State Park, W. Va."
237,Gulf Shores State Park,Gulf Shores State Park,Alabama,AL,South East,Nonurban,,4,Two asterisks,"Gulf Shores State Park, Ala."
238,Florida Keys,Florida Keys,Florida,FL,South East,Nonurban,,31,,"Florida Keys, Fla."
239,Oatland Island,Oatland Island,Georgia,GA,South East,Nonurban,,31,,"Oatland Island, Ga."
240,Jackson County,Jackson County,Mississippi,MS,South East,Nonurban,,31,,"Jackson County, Miss."
241,Ft. Donelson,Ft. Donelson,Tennessee,TN,South East,Nonurban,,4,Two asterisks,"Ft. Donelson, Tenn."
242,Sangamon County,Sangamon County,Illinois,IL,Mid West,Nonurban,,31,,"Sangamon County, Ill."
243,Huron County,Huron County,Michigan,MI,Mid West,Nonurban,,31,,"Huron County, Mich."
244,Perry's Victory,Perry's Victory,Ohio,OH,Mid West,Nonurban,,31,,"Perry's Victory, O."
245,Cook County,Cook County,Minnesota,MN,Great Plains,Nonurban,,31,,"Cook County, Minn."
246,Ellis County,Ellis County,Kansas,KS,Great Plains,Nonurban,,31,,"Ellis County, Kans."
247,Shannon County,Shannon County,Missouri,MO,Great Plains,Nonurban,,31,,"Shannon County, Mo."
248,Thomas County,Thomas County,Nebraska,NE,Great Plains,Nonurban,,31,,"Thomas County, Nebr."
249,Ward County,Ward County,North Dakota,ND,Great Plains,Nonurban,,31,,"Ward County, N. D."
250,Black Hills,Black Hills,South Dakota,SD,Great Plains,Nonurban,,31,,"Black Hills, S. D."
251,Glacier National Park,Glacier National Park,Montana,MT,Rocky Mountain,Nonurban,,4,Two asterisks,"Glacier National Park, Mont."
252,Yellowstone National Park,Yellowstone National Park,Wyoming,WY,Rocky Mountain,Nonurban,,4,Two asterisks,"Yellowstone National Park, Wyo."
253,Montezuma County,Montezuma County,Colorado,CO,Rocky Mountain,Nonurban,,31,,"Montezuma County, Colo."
254,White Pine County,White Pine County,Nevada,NV,Rocky Mountain,Nonurban,,31,,"White Pine County, Nev."
255,Grand Canyon National Park,Grand Canyon National Park,Arizona,AZ,Pacific Coast,Nonurban,,4,Two asterisks,"Grand Canyon National Park, Ariz."
256,Clallam County,Clallam County,Washington,WA,Pacific Coast,Nonurban,,31,,"Clallam County, Wash."
257,Curry County,Curry County,Oregon,OR,Pacific Coast,Nonurban,,31,,"Curry County, Ore."
258,Pt. Woronzof,Pt. Woronzof,Alaska,AK,Pacific Coast,Nonurban,,31,,"Pt. Woronzof, Alaska"
259,Waimanalo,Waimanalo,Hawaii,HI,Pacific Coast,Nonurban,,31,,"Waimanalo, Hawaii"
